phase,workload,nodes,edges,samples,p05_ns,median_ns,p95_ns,min_ns,max_ns,allocations,allocated_bytes,peak_live_bytes,retained_bytes
adapter_setup,current_thread_runtime,0,0,40,2889,3278,3870,2833,71741,0,0,0,0
body_state_setup,graph_chain,1,0,40,555,611,907,519,1760,0,0,0,0
body_state_setup,graph_chain,10,9,40,518,555,630,518,1259,0,0,0,0
body_state_setup,graph_chain,100,99,40,2778,3000,3296,2760,3685,0,0,0,0
body_state_setup,graph_chain,1000,999,40,2445,2593,3389,2426,4852,0,0,0,0
body_state_setup,graph_sparse,1,0,40,537,593,704,519,907,0,0,0,0
body_state_setup,graph_sparse,10,9,40,574,676,834,518,1000,0,0,0,0
body_state_setup,graph_sparse,100,99,40,2815,2917,3074,2759,3444,0,0,0,0
body_state_setup,graph_sparse,1000,999,40,2556,2740,3630,2555,6982,0,0,0,0
body_state_setup,graph_wide,1,0,40,537,593,815,537,963,0,0,0,0
body_state_setup,graph_wide,10,9,40,518,556,740,518,1259,0,0,0,0
body_state_setup,graph_wide,100,99,40,2722,2935,3148,2667,3889,0,0,0,0
body_state_setup,graph_wide,1000,999,40,2482,2648,4352,2463,7278,0,0,0,0
body_state_setup,tiny_yield_chain,1,0,40,352,407,555,352,593,0,0,0,0
engine_execution,component_flat,10,9,40,61889,62991,63667,61871,73333,0,0,0,0
engine_execution,component_flat,100,99,40,770169,773558,782150,769669,785651,0,0,0,0
engine_execution,component_nested,13,12,40,90112,90981,92482,89352,96833,0,0,0,0
engine_execution,component_nested,103,102,40,943003,946586,953669,942558,954392,0,0,0,0
engine_execution,component_repeated_typed_10,10,10,40,144241,145704,146722,144149,150204,0,0,0,0
engine_execution,component_repeated_typed_100,100,100,40,2674878,2685721,2697082,2672545,2709101,0,0,0,0
engine_execution,component_repeated_typed_2,2,2,40,29056,29704,30241,28945,30686,0,0,0,0
engine_execution,dynamic_live_instances_1,3,2,40,67519,68074,69834,67445,76741,0,0,0,0
engine_execution,dynamic_live_instances_10,3,2,40,531186,534150,541076,531057,558298,0,0,0,0
engine_execution,dynamic_live_instances_100,3,2,40,9681900,9744621,9899252,9654122,10260291,0,0,0,0
engine_execution,dynamic_sequential_churn_1,2,1,40,59481,60712,62796,59481,75223,0,0,0,0
engine_execution,dynamic_sequential_churn_10,2,1,40,389131,390816,400446,388741,407186,0,0,0,0
engine_execution,dynamic_sequential_churn_100,2,1,40,3621826,3632223,3653918,3621400,3655418,0,0,0,0
engine_execution,effect_known_receipt,1,0,40,16092,16416,17111,16074,23760,0,0,0,0
engine_execution,effect_unknown_recovery_failed,1,0,40,17592,17759,17963,17556,23982,0,0,0,0
engine_execution,effect_unknown_recovery_resolved,1,0,40,16334,16630,17370,16222,17815,0,0,0,0
engine_execution,graph_chain,1,0,40,17296,17713,18445,17278,18778,0,0,0,0
engine_execution,graph_chain,10,9,40,100167,101954,103445,100130,133241,0,0,0,0
engine_execution,graph_chain,100,99,40,912873,1227577,1262356,764076,1312948,0,0,0,0
engine_execution,graph_chain,1000,999,40,34332029,35495607,38536356,34260732,42195257,0,0,0,0
engine_execution,graph_sparse,1,0,40,17556,17917,18444,17537,18481,0,0,0,0
engine_execution,graph_sparse,10,9,40,99075,100296,102260,99019,122426,0,0,0,0
engine_execution,graph_sparse,100,99,40,710428,713650,719725,709502,728114,0,0,0,0
engine_execution,graph_sparse,1000,999,40,26576969,26817339,27709657,26537783,29088273,0,0,0,0
engine_execution,graph_wide,1,0,40,17500,17889,18666,17500,18852,0,0,0,0
engine_execution,graph_wide,10,9,40,97519,98639,101130,97445,107649,0,0,0,0
engine_execution,graph_wide,100,99,40,655409,659548,665076,654817,667816,0,0,0,0
engine_execution,graph_wide,1000,999,40,18969390,19202261,20018597,18968409,22586623,0,0,0,0
engine_execution,resident_ready_shutdown,1,0,40,16722,17139,17519,16519,17796,0,0,0,0
engine_execution,resource_cancel_after_acquire,1,0,40,19092,19547,20926,19000,30463,0,0,0,0
engine_execution,resource_cleanup_error_upstream,3,1,40,34556,34879,35277,34482,35982,0,0,0,0
engine_execution,resource_normal,2,1,40,22519,22759,23000,22518,23315,0,0,0,0
engine_execution,resource_release_failure,2,1,40,23778,24065,24352,23592,25130,0,0,0,0
engine_execution,resource_startup_failure,2,1,40,23463,23685,24204,23463,38834,0,0,0,0
engine_execution,retry_one_failure,1,0,40,16500,16852,17185,16371,17426,0,0,0,0
engine_execution,service_restart_exhausted,1,0,40,19315,19537,19889,19186,20222,0,0,0,0
engine_execution,service_restart_stable_handle,1,0,40,26000,26472,26963,26000,27055,0,0,0,0
engine_execution,tiny_yield_chain,1,0,40,11370,11518,11611,11315,11852,0,0,0,0
engine_execution,trace_default,100,99,40,770706,774196,782392,770187,784651,0,0,0,0
engine_execution,trace_observer,100,99,40,775558,778373,791669,775392,799817,0,0,0,0
engine_execution_alloc,component_flat,10,9,0,,,,,,575,47080,0,0
engine_execution_alloc,component_flat,100,99,0,,,,,,5262,533272,0,0
engine_execution_alloc,component_nested,13,12,0,,,,,,858,62385,0,0
engine_execution_alloc,component_nested,103,102,0,,,,,,6535,665937,0,0
engine_execution_alloc,component_repeated_typed_10,10,10,0,,,,,,1408,99870,0,0
engine_execution_alloc,component_repeated_typed_100,100,100,0,,,,,,22569,1497230,0,0
engine_execution_alloc,component_repeated_typed_2,2,2,0,,,,,,306,25590,0,0
engine_execution_alloc,dynamic_live_instances_1,3,2,0,,,,,,615,63231,0,0
engine_execution_alloc,dynamic_live_instances_10,3,2,0,,,,,,4382,470925,0,0
engine_execution_alloc,dynamic_live_instances_100,3,2,0,,,,,,68263,5172559,0,0
engine_execution_alloc,dynamic_sequential_churn_1,2,1,0,,,,,,538,52749,0,0
engine_execution_alloc,dynamic_sequential_churn_10,2,1,0,,,,,,3495,324339,0,0
engine_execution_alloc,dynamic_sequential_churn_100,2,1,0,,,,,,32982,2932143,0,0
engine_execution_alloc,effect_known_receipt,1,0,0,,,,,,152,15266,0,0
engine_execution_alloc,effect_unknown_recovery_failed,1,0,0,,,,,,154,16091,0,0
engine_execution_alloc,effect_unknown_recovery_resolved,1,0,0,,,,,,147,15403,0,0
engine_execution_alloc,graph_chain,1,0,0,,,,,,102,11796,0,0
engine_execution_alloc,graph_chain,10,9,0,,,,,,575,47080,0,0
engine_execution_alloc,graph_chain,100,99,0,,,,,,5262,533272,0,0
engine_execution_alloc,graph_chain,1000,999,0,,,,,,52069,19679208,0,0
engine_execution_alloc,graph_sparse,1,0,0,,,,,,102,11797,0,0
engine_execution_alloc,graph_sparse,10,9,0,,,,,,567,48041,0,0
engine_execution_alloc,graph_sparse,100,99,0,,,,,,5166,514425,0,0
engine_execution_alloc,graph_sparse,1000,999,0,,,,,,51109,15933385,0,0
engine_execution_alloc,graph_wide,1,0,0,,,,,,102,11795,0,0
engine_execution_alloc,graph_wide,10,9,0,,,,,,558,48999,0,0
engine_execution_alloc,graph_wide,100,99,0,,,,,,4990,488503,0,0
engine_execution_alloc,graph_wide,1000,999,0,,,,,,49164,12018743,0,0
engine_execution_alloc,resource_cleanup_error_upstream,3,1,0,,,,,,317,26719,0,0
engine_execution_alloc,resource_normal,2,1,0,,,,,,205,19770,0,0
engine_execution_alloc,resource_release_failure,2,1,0,,,,,,215,20513,0,0
engine_execution_alloc,resource_startup_failure,2,1,0,,,,,,212,20817,0,0
engine_execution_alloc,retry_one_failure,1,0,0,,,,,,155,15433,0,0
engine_execution_alloc,service_restart_exhausted,1,0,0,,,,,,185,17964,0,0
engine_execution_alloc,service_restart_stable_handle,1,0,0,,,,,,237,22460,0,0
engine_execution_alloc,tiny_yield_chain,1,0,0,,,,,,102,11796,0,0
engine_execution_alloc,trace_default,100,99,0,,,,,,5262,533272,0,0
engine_execution_alloc,trace_observer,100,99,0,,,,,,5262,533272,0,0
fixture_generation,graph_chain,1,0,20,352,389,500,352,629,0,0,0,0
fixture_generation,graph_chain,10,9,20,2055,2083,2296,2055,2315,0,0,0,0
fixture_generation,graph_chain,100,99,20,25000,25685,26019,25000,26037,0,0,0,0
fixture_generation,graph_chain,1000,999,20,147223,147676,147982,147223,148222,0,0,0,0
fixture_generation,graph_sparse,1,0,20,333,352,555,333,593,0,0,0,0
fixture_generation,graph_sparse,10,9,20,2037,2074,2167,2037,2315,0,0,0,0
fixture_generation,graph_sparse,100,99,20,15500,15898,16111,15500,16167,0,0,0,0
fixture_generation,graph_sparse,1000,999,20,148297,148787,149370,148297,168648,0,0,0,0
fixture_generation,graph_wide,1,0,20,315,352,518,315,518,0,0,0,0
fixture_generation,graph_wide,10,9,20,2037,2065,2185,2037,2389,0,0,0,0
fixture_generation,graph_wide,100,99,20,15778,16167,16426,15778,17407,0,0,0,0
fixture_generation,graph_wide,1000,999,20,147371,148139,148648,147371,153408,0,0,0,0
fixture_generation,tiny_yield_chain,1,0,20,203,222,944,203,1741,0,0,0,0
machine_state_setup,graph_chain,1,0,40,537,565,722,537,833,0,0,0,0
machine_state_setup,graph_chain,10,9,40,2685,2852,3111,2685,7722,0,0,0,0
machine_state_setup,graph_chain,100,99,40,13556,13740,17334,13500,47315,0,0,0,0
machine_state_setup,graph_chain,1000,999,40,148963,156185,166297,148630,192278,0,0,0,0
machine_state_setup,graph_sparse,1,0,40,518,546,703,518,815,0,0,0,0
machine_state_setup,graph_sparse,10,9,40,2833,3027,3148,2815,7907,0,0,0,0
machine_state_setup,graph_sparse,100,99,40,13407,13593,16945,13407,17740,0,0,0,0
machine_state_setup,graph_sparse,1000,999,40,150333,157047,164668,149149,194668,0,0,0,0
machine_state_setup,graph_wide,1,0,40,537,574,648,537,834,0,0,0,0
machine_state_setup,graph_wide,10,9,40,2686,2888,3167,2685,7649,0,0,0,0
machine_state_setup,graph_wide,100,99,40,13149,13388,16852,13148,21778,0,0,0,0
machine_state_setup,graph_wide,1000,999,40,150704,158074,179168,150593,217426,0,0,0,0
machine_state_setup,tiny_yield_chain,1,0,40,333,389,519,333,1111,0,0,0,0
plan_build,component_repeated_typed_10,10,10,20,35981,36935,41852,35981,48074,0,0,0,0
plan_build,component_repeated_typed_100,100,100,20,370557,373668,389482,370557,429298,0,0,0,0
plan_build,component_repeated_typed_2,2,2,20,9093,9370,12667,9093,31352,0,0,0,0
plan_build,graph_chain,1,0,20,3704,4000,5111,3704,11537,0,0,0,0
plan_build,graph_chain,10,9,20,20870,21703,24778,20870,28519,0,0,0,0
plan_build,graph_chain,100,99,20,214408,216982,225630,214408,230223,0,0,0,0
plan_build,graph_chain,1000,999,20,4378846,4532180,4725681,4378846,4816589,0,0,0,0
plan_build,graph_sparse,1,0,20,4019,4111,4537,4019,6944,0,0,0,0
plan_build,graph_sparse,10,9,20,19389,19694,28612,19389,28889,0,0,0,0
plan_build,graph_sparse,100,99,20,135685,136889,141722,135685,148852,0,0,0,0
plan_build,graph_sparse,1000,999,20,4747663,4792820,4983589,4747663,5015293,0,0,0,0
plan_build,graph_wide,1,0,20,4000,4056,4481,4000,8371,0,0,0,0
plan_build,graph_wide,10,9,20,19685,20046,22203,19685,27445,0,0,0,0
plan_build,graph_wide,100,99,20,138723,140796,152389,138723,167389,0,0,0,0
plan_build,graph_wide,1000,999,20,5138700,5220238,5553516,5138700,5785591,0,0,0,0
plan_build,tiny_yield_chain,1,0,20,2592,2685,3519,2592,43463,0,0,0,0
plan_build_alloc,component_repeated_typed_10,10,10,0,,,,,,410,85447,0,0
plan_build_alloc,component_repeated_typed_100,100,100,0,,,,,,3376,727313,0,0
plan_build_alloc,component_repeated_typed_2,2,2,0,,,,,,124,17919,0,0
plan_build_alloc,graph_chain,1,0,0,,,,,,36,6762,0,0
plan_build_alloc,graph_chain,10,9,0,,,,,,162,35553,0,0
plan_build_alloc,graph_chain,100,99,0,,,,,,1269,306567,0,0
plan_build_alloc,graph_chain,1000,999,0,,,,,,12096,2543619,0,0
plan_build_alloc,graph_sparse,1,0,0,,,,,,36,6764,0,0
plan_build_alloc,graph_sparse,10,9,0,,,,,,158,35427,0,0
plan_build_alloc,graph_sparse,100,99,0,,,,,,1220,305001,0,0
plan_build_alloc,graph_sparse,1000,999,0,,,,,,11597,2527653,0,0
plan_build_alloc,graph_wide,1,0,0,,,,,,36,6760,0,0
plan_build_alloc,graph_wide,10,9,0,,,,,,156,35487,0,0
plan_build_alloc,graph_wide,100,99,0,,,,,,1176,305413,0,0
plan_build_alloc,graph_wide,1000,999,0,,,,,,11106,2528001,0,0
plan_build_alloc,tiny_yield_chain,1,0,0,,,,,,36,6762,0,0
plan_declaration,graph_chain,1,0,20,1722,1861,2111,1722,3092,0,0,0,0
plan_declaration,graph_chain,10,9,20,9963,10185,10519,9963,11278,0,0,0,0
plan_declaration,graph_chain,100,99,20,73481,74000,75278,73481,79426,0,0,0,0
plan_declaration,graph_chain,1000,999,20,461409,466057,495112,461409,500464,0,0,0,0
plan_declaration,graph_sparse,1,0,20,1833,1889,1982,1833,2871,0,0,0,0
plan_declaration,graph_sparse,10,9,20,9740,9888,10370,9740,11334,0,0,0,0
plan_declaration,graph_sparse,100,99,20,45740,46157,46538,45740,47501,0,0,0,0
plan_declaration,graph_sparse,1000,999,20,437094,450279,536039,437094,617409,0,0,0,0
plan_declaration,graph_wide,1,0,20,1851,1944,2111,1851,2555,0,0,0,0
plan_declaration,graph_wide,10,9,20,9537,9778,10166,9537,10574,0,0,0,0
plan_declaration,graph_wide,100,99,20,46167,46361,47148,46167,49204,0,0,0,0
plan_declaration,graph_wide,1000,999,20,432482,462909,485724,432482,492594,0,0,0,0
plan_declaration,tiny_yield_chain,1,0,20,1148,1176,1241,1148,2388,0,0,0,0
plan_declaration_alloc,graph_chain,1,0,0,,,,,,16,2178,0,0
plan_declaration_alloc,graph_chain,10,9,0,,,,,,71,14196,0,0
plan_declaration_alloc,graph_chain,100,99,0,,,,,,536,126952,0,0
plan_declaration_alloc,graph_chain,1000,999,0,,,,,,5051,1046640,0,0
plan_declaration_alloc,graph_sparse,1,0,0,,,,,,16,2179,0,0
plan_declaration_alloc,graph_sparse,10,9,0,,,,,,71,14197,0,0
plan_declaration_alloc,graph_sparse,100,99,0,,,,,,536,126953,0,0
plan_declaration_alloc,graph_sparse,1000,999,0,,,,,,5051,1046641,0,0
plan_declaration_alloc,graph_wide,1,0,0,,,,,,16,2177,0,0
plan_declaration_alloc,graph_wide,10,9,0,,,,,,71,14195,0,0
plan_declaration_alloc,graph_wide,100,99,0,,,,,,536,126951,0,0
plan_declaration_alloc,graph_wide,1000,999,0,,,,,,5051,1046639,0,0
plan_declaration_alloc,tiny_yield_chain,1,0,0,,,,,,16,2178,0,0
plan_validation_freeze,graph_chain,1,0,20,2796,2852,2963,2796,3000,0,0,0,0
plan_validation_freeze,graph_chain,10,9,20,12926,13241,13630,12926,13926,0,0,0,0
plan_validation_freeze,graph_chain,100,99,20,159241,160084,161148,159241,167000,0,0,0,0
plan_validation_freeze,graph_chain,1000,999,20,4046938,4169800,4288013,4046938,4302069,0,0,0,0
plan_validation_freeze,graph_sparse,1,0,20,2741,2796,2963,2741,2981,0,0,0,0
plan_validation_freeze,graph_sparse,10,9,20,11815,11944,12167,11815,12315,0,0,0,0
plan_validation_freeze,graph_sparse,100,99,20,101204,101806,102445,101204,105926,0,0,0,0
plan_validation_freeze,graph_sparse,1000,999,20,4449106,4494458,4728755,4449106,5388719,0,0,0,0
plan_validation_freeze,graph_wide,1,0,20,2741,2833,2907,2741,2908,0,0,0,0
plan_validation_freeze,graph_wide,10,9,20,11889,12092,12296,11889,12482,0,0,0,0
plan_validation_freeze,graph_wide,100,99,20,104315,104815,105390,104315,105834,0,0,0,0
plan_validation_freeze,graph_wide,1000,999,20,4821403,4872968,4927737,4821403,4965218,0,0,0,0
plan_validation_freeze,tiny_yield_chain,1,0,20,1722,1778,1815,1722,1834,0,0,0,0
plan_validation_freeze_alloc,graph_chain,1,0,0,,,,,,20,4584,0,0
plan_validation_freeze_alloc,graph_chain,10,9,0,,,,,,91,21357,0,0
plan_validation_freeze_alloc,graph_chain,100,99,0,,,,,,733,179615,0,0
plan_validation_freeze_alloc,graph_chain,1000,999,0,,,,,,7045,1496979,0,0
plan_validation_freeze_alloc,graph_sparse,1,0,0,,,,,,20,4585,0,0
plan_validation_freeze_alloc,graph_sparse,10,9,0,,,,,,87,21230,0,0
plan_validation_freeze_alloc,graph_sparse,100,99,0,,,,,,684,178048,0,0
plan_validation_freeze_alloc,graph_sparse,1000,999,0,,,,,,6546,1481012,0,0
plan_validation_freeze_alloc,graph_wide,1,0,0,,,,,,20,4583,0,0
plan_validation_freeze_alloc,graph_wide,10,9,0,,,,,,85,21292,0,0
plan_validation_freeze_alloc,graph_wide,100,99,0,,,,,,640,178462,0,0
plan_validation_freeze_alloc,graph_wide,1000,999,0,,,,,,6055,1481362,0,0
plan_validation_freeze_alloc,tiny_yield_chain,1,0,0,,,,,,20,4584,0,0
pure_machine_events_preseeded,graph_chain,1,0,40,2833,2907,3334,2833,6129,0,0,0,0
pure_machine_events_preseeded,graph_chain,10,9,40,22741,23611,24778,22723,27870,0,0,0,0
pure_machine_events_preseeded,graph_chain,100,99,40,262001,263352,268982,261945,811984,0,0,0,0
pure_machine_events_preseeded,graph_chain,1000,999,40,23260088,23469395,23897721,23237551,28302918,0,0,0,0
representative_application,application_hash_handwritten,10,9,40,1222,1241,1408,1222,1685,0,0,0,0
representative_application,application_hash_handwritten,100,99,40,13296,13315,13333,13296,13537,0,0,0,0
representative_application,application_hash_sdax,10,9,40,63333,64037,64778,63203,69056,0,0,0,0
representative_application,application_hash_sdax,100,99,40,785243,787752,794928,785206,796688,0,0,0,0
representative_application_alloc,application_hash_sdax,10,9,0,,,,,,575,47357,0,0
representative_application_alloc,application_hash_sdax,100,99,0,,,,,,5262,536429,0,0
