phase,workload,nodes,edges,sample,nanos,allocations,allocated_bytes,peak_live_bytes,retained_bytes,checksum
lifecycle_tokio,normal_release,2,1,0,4093,0,0,0,0,8618
lifecycle_tokio,normal_release,2,1,1,4130,0,0,0,0,8618
lifecycle_tokio,normal_release,2,1,2,4056,0,0,0,0,8618
lifecycle_tokio,normal_release,2,1,3,4130,0,0,0,0,8618
lifecycle_tokio,normal_release,2,1,4,4056,0,0,0,0,8618
lifecycle_tokio,normal_release,2,1,5,4019,0,0,0,0,8618
lifecycle_tokio,normal_release,2,1,6,4148,0,0,0,0,8618
lifecycle_tokio,normal_release,2,1,7,4167,0,0,0,0,8618
lifecycle_tokio,normal_release,2,1,8,4130,0,0,0,0,8618
lifecycle_tokio,normal_release,2,1,9,4129,0,0,0,0,8618
lifecycle_tokio,normal_release,2,1,10,4129,0,0,0,0,8618
lifecycle_tokio,normal_release,2,1,11,4018,0,0,0,0,8618
lifecycle_tokio,normal_release,2,1,12,4112,0,0,0,0,8618
lifecycle_tokio,normal_release,2,1,13,4148,0,0,0,0,8618
lifecycle_tokio,normal_release,2,1,14,4000,0,0,0,0,8618
lifecycle_tokio,normal_release,2,1,15,4018,0,0,0,0,8618
lifecycle_tokio,normal_release,2,1,16,4037,0,0,0,0,8618
lifecycle_tokio,normal_release,2,1,17,4037,0,0,0,0,8618
lifecycle_tokio,normal_release,2,1,18,4092,0,0,0,0,8618
lifecycle_tokio,normal_release,2,1,19,4129,0,0,0,0,8618
lifecycle_tokio,normal_release,2,1,20,4093,0,0,0,0,8618
lifecycle_tokio,normal_release,2,1,21,4148,0,0,0,0,8618
lifecycle_tokio,normal_release,2,1,22,4111,0,0,0,0,8618
lifecycle_tokio,normal_release,2,1,23,4130,0,0,0,0,8618
lifecycle_tokio,normal_release,2,1,24,3981,0,0,0,0,8618
lifecycle_tokio,normal_release,2,1,25,4130,0,0,0,0,8618
lifecycle_tokio,normal_release,2,1,26,4111,0,0,0,0,8618
lifecycle_tokio,normal_release,2,1,27,4074,0,0,0,0,8618
lifecycle_tokio,normal_release,2,1,28,4074,0,0,0,0,8618
lifecycle_tokio,normal_release,2,1,29,4018,0,0,0,0,8618
lifecycle_tokio,normal_release,2,1,30,4149,0,0,0,0,8618
lifecycle_tokio,normal_release,2,1,31,4111,0,0,0,0,8618
lifecycle_tokio,normal_release,2,1,32,4074,0,0,0,0,8618
lifecycle_tokio,normal_release,2,1,33,4148,0,0,0,0,8618
lifecycle_tokio,normal_release,2,1,34,4130,0,0,0,0,8618
lifecycle_tokio,normal_release,2,1,35,4019,0,0,0,0,8618
lifecycle_tokio,normal_release,2,1,36,4037,0,0,0,0,8618
lifecycle_tokio,normal_release,2,1,37,3945,0,0,0,0,8618
lifecycle_tokio,normal_release,2,1,38,4111,0,0,0,0,8618
lifecycle_tokio,normal_release,2,1,39,4074,0,0,0,0,8618
lifecycle_tokio_alloc,normal_release,2,1,0,0,5,856,296,0,8618
lifecycle_tokio_alloc,normal_release,2,1,1,0,5,856,296,0,8618
lifecycle_tokio_alloc,normal_release,2,1,2,0,5,856,296,0,8618
lifecycle_tokio_alloc,normal_release,2,1,3,0,5,856,296,0,8618
lifecycle_tokio_alloc,normal_release,2,1,4,0,5,856,296,0,8618
lifecycle_sdax,normal_release,2,1,0,38055,0,0,0,0,8618
lifecycle_sdax,normal_release,2,1,1,37926,0,0,0,0,8618
lifecycle_sdax,normal_release,2,1,2,37592,0,0,0,0,8618
lifecycle_sdax,normal_release,2,1,3,37000,0,0,0,0,8618
lifecycle_sdax,normal_release,2,1,4,36592,0,0,0,0,8618
lifecycle_sdax,normal_release,2,1,5,36593,0,0,0,0,8618
lifecycle_sdax,normal_release,2,1,6,37092,0,0,0,0,8618
lifecycle_sdax,normal_release,2,1,7,36833,0,0,0,0,8618
lifecycle_sdax,normal_release,2,1,8,36574,0,0,0,0,8618
lifecycle_sdax,normal_release,2,1,9,36907,0,0,0,0,8618
lifecycle_sdax,normal_release,2,1,10,36463,0,0,0,0,8618
lifecycle_sdax,normal_release,2,1,11,36222,0,0,0,0,8618
lifecycle_sdax,normal_release,2,1,12,36926,0,0,0,0,8618
lifecycle_sdax,normal_release,2,1,13,37389,0,0,0,0,8618
lifecycle_sdax,normal_release,2,1,14,96259,0,0,0,0,8618
lifecycle_sdax,normal_release,2,1,15,40723,0,0,0,0,8618
lifecycle_sdax,normal_release,2,1,16,37648,0,0,0,0,8618
lifecycle_sdax,normal_release,2,1,17,36648,0,0,0,0,8618
lifecycle_sdax,normal_release,2,1,18,37333,0,0,0,0,8618
lifecycle_sdax,normal_release,2,1,19,37648,0,0,0,0,8618
lifecycle_sdax,normal_release,2,1,20,35722,0,0,0,0,8618
lifecycle_sdax,normal_release,2,1,21,37408,0,0,0,0,8618
lifecycle_sdax,normal_release,2,1,22,36630,0,0,0,0,8618
lifecycle_sdax,normal_release,2,1,23,37519,0,0,0,0,8618
lifecycle_sdax,normal_release,2,1,24,37019,0,0,0,0,8618
lifecycle_sdax,normal_release,2,1,25,37055,0,0,0,0,8618
lifecycle_sdax,normal_release,2,1,26,37056,0,0,0,0,8618
lifecycle_sdax,normal_release,2,1,27,37592,0,0,0,0,8618
lifecycle_sdax,normal_release,2,1,28,37500,0,0,0,0,8618
lifecycle_sdax,normal_release,2,1,29,36778,0,0,0,0,8618
lifecycle_sdax,normal_release,2,1,30,36852,0,0,0,0,8618
lifecycle_sdax,normal_release,2,1,31,36648,0,0,0,0,8618
lifecycle_sdax,normal_release,2,1,32,37130,0,0,0,0,8618
lifecycle_sdax,normal_release,2,1,33,36703,0,0,0,0,8618
lifecycle_sdax,normal_release,2,1,34,36463,0,0,0,0,8618
lifecycle_sdax,normal_release,2,1,35,36019,0,0,0,0,8618
lifecycle_sdax,normal_release,2,1,36,36241,0,0,0,0,8618
lifecycle_sdax,normal_release,2,1,37,36648,0,0,0,0,8618
lifecycle_sdax,normal_release,2,1,38,36481,0,0,0,0,8618
lifecycle_sdax,normal_release,2,1,39,37352,0,0,0,0,8618
lifecycle_sdax_alloc,normal_release,2,1,0,0,206,19845,11391,0,8618
lifecycle_sdax_alloc,normal_release,2,1,1,0,206,19845,11391,0,8618
lifecycle_sdax_alloc,normal_release,2,1,2,0,206,19845,11391,0,8618
lifecycle_sdax_alloc,normal_release,2,1,3,0,206,19845,11391,0,8618
lifecycle_sdax_alloc,normal_release,2,1,4,0,206,19845,11391,0,8618
lifecycle_tokio,partial_startup_failure,2,1,0,4630,0,0,0,0,8577
lifecycle_tokio,partial_startup_failure,2,1,1,4703,0,0,0,0,8577
lifecycle_tokio,partial_startup_failure,2,1,2,4686,0,0,0,0,8577
lifecycle_tokio,partial_startup_failure,2,1,3,4685,0,0,0,0,8577
lifecycle_tokio,partial_startup_failure,2,1,4,4666,0,0,0,0,8577
lifecycle_tokio,partial_startup_failure,2,1,5,4667,0,0,0,0,8577
lifecycle_tokio,partial_startup_failure,2,1,6,4815,0,0,0,0,8577
lifecycle_tokio,partial_startup_failure,2,1,7,4740,0,0,0,0,8577
lifecycle_tokio,partial_startup_failure,2,1,8,4796,0,0,0,0,8577
lifecycle_tokio,partial_startup_failure,2,1,9,4648,0,0,0,0,8577
lifecycle_tokio,partial_startup_failure,2,1,10,4685,0,0,0,0,8577
lifecycle_tokio,partial_startup_failure,2,1,11,4704,0,0,0,0,8577
lifecycle_tokio,partial_startup_failure,2,1,12,4630,0,0,0,0,8577
lifecycle_tokio,partial_startup_failure,2,1,13,4796,0,0,0,0,8577
lifecycle_tokio,partial_startup_failure,2,1,14,4760,0,0,0,0,8577
lifecycle_tokio,partial_startup_failure,2,1,15,4815,0,0,0,0,8577
lifecycle_tokio,partial_startup_failure,2,1,16,4796,0,0,0,0,8577
lifecycle_tokio,partial_startup_failure,2,1,17,4796,0,0,0,0,8577
lifecycle_tokio,partial_startup_failure,2,1,18,4704,0,0,0,0,8577
lifecycle_tokio,partial_startup_failure,2,1,19,4555,0,0,0,0,8577
lifecycle_tokio,partial_startup_failure,2,1,20,4686,0,0,0,0,8577
lifecycle_tokio,partial_startup_failure,2,1,21,4870,0,0,0,0,8577
lifecycle_tokio,partial_startup_failure,2,1,22,4574,0,0,0,0,8577
lifecycle_tokio,partial_startup_failure,2,1,23,4500,0,0,0,0,8577
lifecycle_tokio,partial_startup_failure,2,1,24,4648,0,0,0,0,8577
lifecycle_tokio,partial_startup_failure,2,1,25,4611,0,0,0,0,8577
lifecycle_tokio,partial_startup_failure,2,1,26,4703,0,0,0,0,8577
lifecycle_tokio,partial_startup_failure,2,1,27,4648,0,0,0,0,8577
lifecycle_tokio,partial_startup_failure,2,1,28,4574,0,0,0,0,8577
lifecycle_tokio,partial_startup_failure,2,1,29,4630,0,0,0,0,8577
lifecycle_tokio,partial_startup_failure,2,1,30,4593,0,0,0,0,8577
lifecycle_tokio,partial_startup_failure,2,1,31,4704,0,0,0,0,8577
lifecycle_tokio,partial_startup_failure,2,1,32,4667,0,0,0,0,8577
lifecycle_tokio,partial_startup_failure,2,1,33,4556,0,0,0,0,8577
lifecycle_tokio,partial_startup_failure,2,1,34,4592,0,0,0,0,8577
lifecycle_tokio,partial_startup_failure,2,1,35,4704,0,0,0,0,8577
lifecycle_tokio,partial_startup_failure,2,1,36,4759,0,0,0,0,8577
lifecycle_tokio,partial_startup_failure,2,1,37,4518,0,0,0,0,8577
lifecycle_tokio,partial_startup_failure,2,1,38,4759,0,0,0,0,8577
lifecycle_tokio,partial_startup_failure,2,1,39,4741,0,0,0,0,8577
lifecycle_tokio_alloc,partial_startup_failure,2,1,0,0,14,1180,516,0,8577
lifecycle_tokio_alloc,partial_startup_failure,2,1,1,0,14,1180,516,0,8577
lifecycle_tokio_alloc,partial_startup_failure,2,1,2,0,14,1180,516,0,8577
lifecycle_tokio_alloc,partial_startup_failure,2,1,3,0,14,1180,516,0,8577
lifecycle_tokio_alloc,partial_startup_failure,2,1,4,0,14,1180,516,0,8577
lifecycle_sdax,partial_startup_failure,2,1,0,39759,0,0,0,0,8577
lifecycle_sdax,partial_startup_failure,2,1,1,40371,0,0,0,0,8577
lifecycle_sdax,partial_startup_failure,2,1,2,40574,0,0,0,0,8577
lifecycle_sdax,partial_startup_failure,2,1,3,40223,0,0,0,0,8577
lifecycle_sdax,partial_startup_failure,2,1,4,39778,0,0,0,0,8577
lifecycle_sdax,partial_startup_failure,2,1,5,40500,0,0,0,0,8577
lifecycle_sdax,partial_startup_failure,2,1,6,39648,0,0,0,0,8577
lifecycle_sdax,partial_startup_failure,2,1,7,39481,0,0,0,0,8577
lifecycle_sdax,partial_startup_failure,2,1,8,40241,0,0,0,0,8577
lifecycle_sdax,partial_startup_failure,2,1,9,39241,0,0,0,0,8577
lifecycle_sdax,partial_startup_failure,2,1,10,38945,0,0,0,0,8577
lifecycle_sdax,partial_startup_failure,2,1,11,39074,0,0,0,0,8577
lifecycle_sdax,partial_startup_failure,2,1,12,37278,0,0,0,0,8577
lifecycle_sdax,partial_startup_failure,2,1,13,36648,0,0,0,0,8577
lifecycle_sdax,partial_startup_failure,2,1,14,36612,0,0,0,0,8577
lifecycle_sdax,partial_startup_failure,2,1,15,36500,0,0,0,0,8577
lifecycle_sdax,partial_startup_failure,2,1,16,36259,0,0,0,0,8577
lifecycle_sdax,partial_startup_failure,2,1,17,36796,0,0,0,0,8577
lifecycle_sdax,partial_startup_failure,2,1,18,36741,0,0,0,0,8577
lifecycle_sdax,partial_startup_failure,2,1,19,36093,0,0,0,0,8577
lifecycle_sdax,partial_startup_failure,2,1,20,36593,0,0,0,0,8577
lifecycle_sdax,partial_startup_failure,2,1,21,36648,0,0,0,0,8577
lifecycle_sdax,partial_startup_failure,2,1,22,36685,0,0,0,0,8577
lifecycle_sdax,partial_startup_failure,2,1,23,36574,0,0,0,0,8577
lifecycle_sdax,partial_startup_failure,2,1,24,37056,0,0,0,0,8577
lifecycle_sdax,partial_startup_failure,2,1,25,36556,0,0,0,0,8577
lifecycle_sdax,partial_startup_failure,2,1,26,36501,0,0,0,0,8577
lifecycle_sdax,partial_startup_failure,2,1,27,36370,0,0,0,0,8577
lifecycle_sdax,partial_startup_failure,2,1,28,36130,0,0,0,0,8577
lifecycle_sdax,partial_startup_failure,2,1,29,36500,0,0,0,0,8577
lifecycle_sdax,partial_startup_failure,2,1,30,36463,0,0,0,0,8577
lifecycle_sdax,partial_startup_failure,2,1,31,36074,0,0,0,0,8577
lifecycle_sdax,partial_startup_failure,2,1,32,36370,0,0,0,0,8577
lifecycle_sdax,partial_startup_failure,2,1,33,36297,0,0,0,0,8577
lifecycle_sdax,partial_startup_failure,2,1,34,36037,0,0,0,0,8577
lifecycle_sdax,partial_startup_failure,2,1,35,36500,0,0,0,0,8577
lifecycle_sdax,partial_startup_failure,2,1,36,36351,0,0,0,0,8577
lifecycle_sdax,partial_startup_failure,2,1,37,36611,0,0,0,0,8577
lifecycle_sdax,partial_startup_failure,2,1,38,36389,0,0,0,0,8577
lifecycle_sdax,partial_startup_failure,2,1,39,36129,0,0,0,0,8577
lifecycle_sdax_alloc,partial_startup_failure,2,1,0,0,222,21696,11866,0,8577
lifecycle_sdax_alloc,partial_startup_failure,2,1,1,0,222,21696,11866,0,8577
lifecycle_sdax_alloc,partial_startup_failure,2,1,2,0,222,21696,11866,0,8577
lifecycle_sdax_alloc,partial_startup_failure,2,1,3,0,222,21696,11866,0,8577
lifecycle_sdax_alloc,partial_startup_failure,2,1,4,0,222,21696,11866,0,8577
lifecycle_tokio,downstream_cleanup_failure,3,2,0,6314,0,0,0,0,17064
lifecycle_tokio,downstream_cleanup_failure,3,2,1,6351,0,0,0,0,17064
lifecycle_tokio,downstream_cleanup_failure,3,2,2,6314,0,0,0,0,17064
lifecycle_tokio,downstream_cleanup_failure,3,2,3,6203,0,0,0,0,17064
lifecycle_tokio,downstream_cleanup_failure,3,2,4,6204,0,0,0,0,17064
lifecycle_tokio,downstream_cleanup_failure,3,2,5,6407,0,0,0,0,17064
lifecycle_tokio,downstream_cleanup_failure,3,2,6,6482,0,0,0,0,17064
lifecycle_tokio,downstream_cleanup_failure,3,2,7,6278,0,0,0,0,17064
lifecycle_tokio,downstream_cleanup_failure,3,2,8,6407,0,0,0,0,17064
lifecycle_tokio,downstream_cleanup_failure,3,2,9,6334,0,0,0,0,17064
lifecycle_tokio,downstream_cleanup_failure,3,2,10,6426,0,0,0,0,17064
lifecycle_tokio,downstream_cleanup_failure,3,2,11,6352,0,0,0,0,17064
lifecycle_tokio,downstream_cleanup_failure,3,2,12,6500,0,0,0,0,17064
lifecycle_tokio,downstream_cleanup_failure,3,2,13,6371,0,0,0,0,17064
lifecycle_tokio,downstream_cleanup_failure,3,2,14,6352,0,0,0,0,17064
lifecycle_tokio,downstream_cleanup_failure,3,2,15,6426,0,0,0,0,17064
lifecycle_tokio,downstream_cleanup_failure,3,2,16,6334,0,0,0,0,17064
lifecycle_tokio,downstream_cleanup_failure,3,2,17,6352,0,0,0,0,17064
lifecycle_tokio,downstream_cleanup_failure,3,2,18,6500,0,0,0,0,17064
lifecycle_tokio,downstream_cleanup_failure,3,2,19,6426,0,0,0,0,17064
lifecycle_tokio,downstream_cleanup_failure,3,2,20,6444,0,0,0,0,17064
lifecycle_tokio,downstream_cleanup_failure,3,2,21,6333,0,0,0,0,17064
lifecycle_tokio,downstream_cleanup_failure,3,2,22,6389,0,0,0,0,17064
lifecycle_tokio,downstream_cleanup_failure,3,2,23,6389,0,0,0,0,17064
lifecycle_tokio,downstream_cleanup_failure,3,2,24,6407,0,0,0,0,17064
lifecycle_tokio,downstream_cleanup_failure,3,2,25,6259,0,0,0,0,17064
lifecycle_tokio,downstream_cleanup_failure,3,2,26,6518,0,0,0,0,17064
lifecycle_tokio,downstream_cleanup_failure,3,2,27,6388,0,0,0,0,17064
lifecycle_tokio,downstream_cleanup_failure,3,2,28,6500,0,0,0,0,17064
lifecycle_tokio,downstream_cleanup_failure,3,2,29,6463,0,0,0,0,17064
lifecycle_tokio,downstream_cleanup_failure,3,2,30,6407,0,0,0,0,17064
lifecycle_tokio,downstream_cleanup_failure,3,2,31,6315,0,0,0,0,17064
lifecycle_tokio,downstream_cleanup_failure,3,2,32,6500,0,0,0,0,17064
lifecycle_tokio,downstream_cleanup_failure,3,2,33,6408,0,0,0,0,17064
lifecycle_tokio,downstream_cleanup_failure,3,2,34,6370,0,0,0,0,17064
lifecycle_tokio,downstream_cleanup_failure,3,2,35,6426,0,0,0,0,17064
lifecycle_tokio,downstream_cleanup_failure,3,2,36,6352,0,0,0,0,17064
lifecycle_tokio,downstream_cleanup_failure,3,2,37,6500,0,0,0,0,17064
lifecycle_tokio,downstream_cleanup_failure,3,2,38,6518,0,0,0,0,17064
lifecycle_tokio,downstream_cleanup_failure,3,2,39,6444,0,0,0,0,17064
lifecycle_tokio_alloc,downstream_cleanup_failure,3,2,0,0,16,1743,535,0,17064
lifecycle_tokio_alloc,downstream_cleanup_failure,3,2,1,0,16,1743,535,0,17064
lifecycle_tokio_alloc,downstream_cleanup_failure,3,2,2,0,16,1743,535,0,17064
lifecycle_tokio_alloc,downstream_cleanup_failure,3,2,3,0,16,1743,535,0,17064
lifecycle_tokio_alloc,downstream_cleanup_failure,3,2,4,0,16,1743,535,0,17064
lifecycle_sdax,downstream_cleanup_failure,3,2,0,55630,0,0,0,0,17064
lifecycle_sdax,downstream_cleanup_failure,3,2,1,54982,0,0,0,0,17064
lifecycle_sdax,downstream_cleanup_failure,3,2,2,55667,0,0,0,0,17064
lifecycle_sdax,downstream_cleanup_failure,3,2,3,55630,0,0,0,0,17064
lifecycle_sdax,downstream_cleanup_failure,3,2,4,55686,0,0,0,0,17064
lifecycle_sdax,downstream_cleanup_failure,3,2,5,55481,0,0,0,0,17064
lifecycle_sdax,downstream_cleanup_failure,3,2,6,55982,0,0,0,0,17064
lifecycle_sdax,downstream_cleanup_failure,3,2,7,57055,0,0,0,0,17064
lifecycle_sdax,downstream_cleanup_failure,3,2,8,55666,0,0,0,0,17064
lifecycle_sdax,downstream_cleanup_failure,3,2,9,54833,0,0,0,0,17064
lifecycle_sdax,downstream_cleanup_failure,3,2,10,55889,0,0,0,0,17064
lifecycle_sdax,downstream_cleanup_failure,3,2,11,54944,0,0,0,0,17064
lifecycle_sdax,downstream_cleanup_failure,3,2,12,54203,0,0,0,0,17064
lifecycle_sdax,downstream_cleanup_failure,3,2,13,64426,0,0,0,0,17064
lifecycle_sdax,downstream_cleanup_failure,3,2,14,58241,0,0,0,0,17064
lifecycle_sdax,downstream_cleanup_failure,3,2,15,56001,0,0,0,0,17064
lifecycle_sdax,downstream_cleanup_failure,3,2,16,55870,0,0,0,0,17064
lifecycle_sdax,downstream_cleanup_failure,3,2,17,56149,0,0,0,0,17064
lifecycle_sdax,downstream_cleanup_failure,3,2,18,56537,0,0,0,0,17064
lifecycle_sdax,downstream_cleanup_failure,3,2,19,55352,0,0,0,0,17064
lifecycle_sdax,downstream_cleanup_failure,3,2,20,55037,0,0,0,0,17064
lifecycle_sdax,downstream_cleanup_failure,3,2,21,55148,0,0,0,0,17064
lifecycle_sdax,downstream_cleanup_failure,3,2,22,55389,0,0,0,0,17064
lifecycle_sdax,downstream_cleanup_failure,3,2,23,54778,0,0,0,0,17064
lifecycle_sdax,downstream_cleanup_failure,3,2,24,54685,0,0,0,0,17064
lifecycle_sdax,downstream_cleanup_failure,3,2,25,54315,0,0,0,0,17064
lifecycle_sdax,downstream_cleanup_failure,3,2,26,54037,0,0,0,0,17064
lifecycle_sdax,downstream_cleanup_failure,3,2,27,53889,0,0,0,0,17064
lifecycle_sdax,downstream_cleanup_failure,3,2,28,53296,0,0,0,0,17064
lifecycle_sdax,downstream_cleanup_failure,3,2,29,53241,0,0,0,0,17064
lifecycle_sdax,downstream_cleanup_failure,3,2,30,53796,0,0,0,0,17064
lifecycle_sdax,downstream_cleanup_failure,3,2,31,53130,0,0,0,0,17064
lifecycle_sdax,downstream_cleanup_failure,3,2,32,55482,0,0,0,0,17064
lifecycle_sdax,downstream_cleanup_failure,3,2,33,54204,0,0,0,0,17064
lifecycle_sdax,downstream_cleanup_failure,3,2,34,54018,0,0,0,0,17064
lifecycle_sdax,downstream_cleanup_failure,3,2,35,54407,0,0,0,0,17064
lifecycle_sdax,downstream_cleanup_failure,3,2,36,53352,0,0,0,0,17064
lifecycle_sdax,downstream_cleanup_failure,3,2,37,53890,0,0,0,0,17064
lifecycle_sdax,downstream_cleanup_failure,3,2,38,54074,0,0,0,0,17064
lifecycle_sdax,downstream_cleanup_failure,3,2,39,53741,0,0,0,0,17064
lifecycle_sdax_alloc,downstream_cleanup_failure,3,2,0,0,327,27639,13821,0,17064
lifecycle_sdax_alloc,downstream_cleanup_failure,3,2,1,0,327,27639,13821,0,17064
lifecycle_sdax_alloc,downstream_cleanup_failure,3,2,2,0,327,27639,13821,0,17064
lifecycle_sdax_alloc,downstream_cleanup_failure,3,2,3,0,327,27639,13821,0,17064
lifecycle_sdax_alloc,downstream_cleanup_failure,3,2,4,0,327,27639,13821,0,17064
lifecycle_tokio,cancel_after_acquisition,1,0,0,3537,0,0,0,0,8448
lifecycle_tokio,cancel_after_acquisition,1,0,1,3407,0,0,0,0,8448
lifecycle_tokio,cancel_after_acquisition,1,0,2,3371,0,0,0,0,8448
lifecycle_tokio,cancel_after_acquisition,1,0,3,3574,0,0,0,0,8448
lifecycle_tokio,cancel_after_acquisition,1,0,4,3482,0,0,0,0,8448
lifecycle_tokio,cancel_after_acquisition,1,0,5,3481,0,0,0,0,8448
lifecycle_tokio,cancel_after_acquisition,1,0,6,3444,0,0,0,0,8448
lifecycle_tokio,cancel_after_acquisition,1,0,7,3500,0,0,0,0,8448
lifecycle_tokio,cancel_after_acquisition,1,0,8,3463,0,0,0,0,8448
lifecycle_tokio,cancel_after_acquisition,1,0,9,3388,0,0,0,0,8448
lifecycle_tokio,cancel_after_acquisition,1,0,10,3500,0,0,0,0,8448
lifecycle_tokio,cancel_after_acquisition,1,0,11,3519,0,0,0,0,8448
lifecycle_tokio,cancel_after_acquisition,1,0,12,3408,0,0,0,0,8448
lifecycle_tokio,cancel_after_acquisition,1,0,13,3426,0,0,0,0,8448
lifecycle_tokio,cancel_after_acquisition,1,0,14,3445,0,0,0,0,8448
lifecycle_tokio,cancel_after_acquisition,1,0,15,3407,0,0,0,0,8448
lifecycle_tokio,cancel_after_acquisition,1,0,16,3426,0,0,0,0,8448
lifecycle_tokio,cancel_after_acquisition,1,0,17,3407,0,0,0,0,8448
lifecycle_tokio,cancel_after_acquisition,1,0,18,3518,0,0,0,0,8448
lifecycle_tokio,cancel_after_acquisition,1,0,19,3481,0,0,0,0,8448
lifecycle_tokio,cancel_after_acquisition,1,0,20,3481,0,0,0,0,8448
lifecycle_tokio,cancel_after_acquisition,1,0,21,3555,0,0,0,0,8448
lifecycle_tokio,cancel_after_acquisition,1,0,22,3481,0,0,0,0,8448
lifecycle_tokio,cancel_after_acquisition,1,0,23,3500,0,0,0,0,8448
lifecycle_tokio,cancel_after_acquisition,1,0,24,3444,0,0,0,0,8448
lifecycle_tokio,cancel_after_acquisition,1,0,25,3370,0,0,0,0,8448
lifecycle_tokio,cancel_after_acquisition,1,0,26,3500,0,0,0,0,8448
lifecycle_tokio,cancel_after_acquisition,1,0,27,3407,0,0,0,0,8448
lifecycle_tokio,cancel_after_acquisition,1,0,28,3407,0,0,0,0,8448
lifecycle_tokio,cancel_after_acquisition,1,0,29,3352,0,0,0,0,8448
lifecycle_tokio,cancel_after_acquisition,1,0,30,3482,0,0,0,0,8448
lifecycle_tokio,cancel_after_acquisition,1,0,31,3370,0,0,0,0,8448
lifecycle_tokio,cancel_after_acquisition,1,0,32,3407,0,0,0,0,8448
lifecycle_tokio,cancel_after_acquisition,1,0,33,3556,0,0,0,0,8448
lifecycle_tokio,cancel_after_acquisition,1,0,34,3426,0,0,0,0,8448
lifecycle_tokio,cancel_after_acquisition,1,0,35,3408,0,0,0,0,8448
lifecycle_tokio,cancel_after_acquisition,1,0,36,3444,0,0,0,0,8448
lifecycle_tokio,cancel_after_acquisition,1,0,37,3389,0,0,0,0,8448
lifecycle_tokio,cancel_after_acquisition,1,0,38,3333,0,0,0,0,8448
lifecycle_tokio,cancel_after_acquisition,1,0,39,3389,0,0,0,0,8448
lifecycle_tokio_alloc,cancel_after_acquisition,1,0,0,0,6,688,400,0,8448
lifecycle_tokio_alloc,cancel_after_acquisition,1,0,1,0,6,688,400,0,8448
lifecycle_tokio_alloc,cancel_after_acquisition,1,0,2,0,6,688,400,0,8448
lifecycle_tokio_alloc,cancel_after_acquisition,1,0,3,0,6,688,400,0,8448
lifecycle_tokio_alloc,cancel_after_acquisition,1,0,4,0,6,688,400,0,8448
lifecycle_sdax,cancel_after_acquisition,1,0,0,29667,0,0,0,0,8448
lifecycle_sdax,cancel_after_acquisition,1,0,1,30982,0,0,0,0,8448
lifecycle_sdax,cancel_after_acquisition,1,0,2,30315,0,0,0,0,8448
lifecycle_sdax,cancel_after_acquisition,1,0,3,30241,0,0,0,0,8448
lifecycle_sdax,cancel_after_acquisition,1,0,4,30074,0,0,0,0,8448
lifecycle_sdax,cancel_after_acquisition,1,0,5,29815,0,0,0,0,8448
lifecycle_sdax,cancel_after_acquisition,1,0,6,29778,0,0,0,0,8448
lifecycle_sdax,cancel_after_acquisition,1,0,7,30630,0,0,0,0,8448
lifecycle_sdax,cancel_after_acquisition,1,0,8,29982,0,0,0,0,8448
lifecycle_sdax,cancel_after_acquisition,1,0,9,29870,0,0,0,0,8448
lifecycle_sdax,cancel_after_acquisition,1,0,10,30334,0,0,0,0,8448
lifecycle_sdax,cancel_after_acquisition,1,0,11,30055,0,0,0,0,8448
lifecycle_sdax,cancel_after_acquisition,1,0,12,29908,0,0,0,0,8448
lifecycle_sdax,cancel_after_acquisition,1,0,13,29796,0,0,0,0,8448
lifecycle_sdax,cancel_after_acquisition,1,0,14,29704,0,0,0,0,8448
lifecycle_sdax,cancel_after_acquisition,1,0,15,29537,0,0,0,0,8448
lifecycle_sdax,cancel_after_acquisition,1,0,16,29537,0,0,0,0,8448
lifecycle_sdax,cancel_after_acquisition,1,0,17,29981,0,0,0,0,8448
lifecycle_sdax,cancel_after_acquisition,1,0,18,30037,0,0,0,0,8448
lifecycle_sdax,cancel_after_acquisition,1,0,19,29981,0,0,0,0,8448
lifecycle_sdax,cancel_after_acquisition,1,0,20,29630,0,0,0,0,8448
lifecycle_sdax,cancel_after_acquisition,1,0,21,30019,0,0,0,0,8448
lifecycle_sdax,cancel_after_acquisition,1,0,22,39796,0,0,0,0,8448
lifecycle_sdax,cancel_after_acquisition,1,0,23,30203,0,0,0,0,8448
lifecycle_sdax,cancel_after_acquisition,1,0,24,29888,0,0,0,0,8448
lifecycle_sdax,cancel_after_acquisition,1,0,25,29926,0,0,0,0,8448
lifecycle_sdax,cancel_after_acquisition,1,0,26,30760,0,0,0,0,8448
lifecycle_sdax,cancel_after_acquisition,1,0,27,31111,0,0,0,0,8448
lifecycle_sdax,cancel_after_acquisition,1,0,28,29889,0,0,0,0,8448
lifecycle_sdax,cancel_after_acquisition,1,0,29,29778,0,0,0,0,8448
lifecycle_sdax,cancel_after_acquisition,1,0,30,30278,0,0,0,0,8448
lifecycle_sdax,cancel_after_acquisition,1,0,31,30574,0,0,0,0,8448
lifecycle_sdax,cancel_after_acquisition,1,0,32,30241,0,0,0,0,8448
lifecycle_sdax,cancel_after_acquisition,1,0,33,30074,0,0,0,0,8448
lifecycle_sdax,cancel_after_acquisition,1,0,34,29630,0,0,0,0,8448
lifecycle_sdax,cancel_after_acquisition,1,0,35,30426,0,0,0,0,8448
lifecycle_sdax,cancel_after_acquisition,1,0,36,29574,0,0,0,0,8448
lifecycle_sdax,cancel_after_acquisition,1,0,37,29926,0,0,0,0,8448
lifecycle_sdax,cancel_after_acquisition,1,0,38,29463,0,0,0,0,8448
lifecycle_sdax,cancel_after_acquisition,1,0,39,31167,0,0,0,0,8448
lifecycle_sdax_alloc,cancel_after_acquisition,1,0,0,0,175,16885,10187,0,8448
lifecycle_sdax_alloc,cancel_after_acquisition,1,0,1,0,175,16885,10187,0,8448
lifecycle_sdax_alloc,cancel_after_acquisition,1,0,2,0,175,16885,10187,0,8448
lifecycle_sdax_alloc,cancel_after_acquisition,1,0,3,0,175,16885,10187,0,8448
lifecycle_sdax_alloc,cancel_after_acquisition,1,0,4,0,175,16885,10187,0,8448
